ChannelName,ProductId,DateSold,SPV
AutoPedigree,7,2018-03-31 07:41:15.000,1300.3600
AutoPedigree,7,2018-03-31 08:12:27.000,795.7900
AutoPedigree,17,2018-03-31 08:21:56.000,0.0000
AutoPedigree,17,2018-03-31 08:21:56.000,0.0000
AutoPedigree,7,2018-03-31 08:37:20.000,1194.2400
AutoPedigree,15,2018-03-31 08:45:33.000,794.9908
AutoPedigree,7,2018-03-31 08:51:24.000,935.3700
AutoPedigree,7,2018-03-31 09:12:01.000,2331.7700
AutoPedigree,7,2018-03-31 09:14:59.000,920.0100
AutoPedigree,7,2018-03-31 09:36:35.000,1157.5600
AutoPedigree,7,2018-03-31 09:37:55.000,979.6300
AutoPedigree,7,2018-03-31 09:55:33.000,878.9700
AutoPedigree,7,2018-03-31 10:02:10.000,1070.9500
AutoPedigree,7,2018-03-31 10:03:40.000,1031.4200
AutoPedigree,7,2018-03-31 10:12:44.000,1229.2800
AutoPedigree,7,2018-03-31 10:12:44.000,1229.3300
AutoPedigree,15,2018-03-31 10:27:51.000,1452.6092
AutoPedigree,7,2018-03-31 10:30:56.000,572.4700
AutoPedigree,7,2018-03-31 10:30:56.000,608.3000
AutoPedigree,7,2018-03-31 10:30:56.000,572.4700
AutoPedigree,7,2018-03-31 10:30:56.000,608.3000
AutoPedigree,7,2018-03-31 10:47:24.000,755.1300
AutoPedigree,7,2018-03-31 10:50:55.000,1297.7300
One Call Insurance Brokers,95,2018-04-03 06:24:57.000,149.0000
One Call Insurance Brokers,90,2018-04-03 06:28:38.000,149.0000
One Call Insurance Brokers,96,2018-04-03 06:29:37.000,99.0000
One Call Insurance Brokers,90,2018-04-03 06:30:40.000,129.0000
AutoPedigree,7,2018-04-03 06:47:15.000,949.6900
AutoPedigree,7,2018-04-03 07:03:13.000,1080.1800
AutoPedigree,7,2018-04-03 08:24:43.000,977.9300
AutoPedigree,7,2018-04-03 09:20:34.000,865.7400
AutoPedigree,16,2018-04-03 09:34:57.000,918.1013
AutoPedigree,7,2018-04-03 09:57:45.000,763.2000
AutoPedigree,7,2018-04-03 10:00:10.000,1219.8900
AutoPedigree,16,2018-04-03 10:31:19.000,551.8969
AutoPedigree,17,2018-04-03 11:26:29.000,421.2610
Surestrat (Pty) Ltd,90,2018-04-03 11:30:46.000,89.0000
Surestrat (Pty) Ltd,90,2018-04-03 11:30:46.000,119.0000
Surestrat (Pty) Ltd,90,2018-04-03 11:30:46.000,139.0000
AutoPedigree,7,2018-04-03 12:06:25.000,762.8700
Compare and Insure Consulting (PTY) LTD,37,2018-04-03 12:10:19.000,593.7000
Surestrat (Pty) Ltd,76,2018-04-03 12:40:13.000,40.0000
Surestrat (Pty) Ltd,76,2018-04-03 12:40:13.000,321.1100
AutoPedigree,7,2018-04-03 13:04:28.000,982.2400
AutoPedigree,7,2018-04-03 13:09:32.000,670.2200
AutoPedigree,7,2018-04-03 13:34:02.000,1656.8800
AutoPedigree,7,2018-04-03 14:11:44.000,1817.1100
AutoPedigree,16,2018-04-03 14:58:36.000,540.0943
Surestrat (Pty) Ltd,80,2018-04-03 15:07:08.000,40.0000
Surestrat (Pty) Ltd,80,2018-04-03 15:07:08.000,339.0000
Finlife SA,98,2018-04-03 15:16:19.000,99.0000
AutoPedigree,16,2018-04-04 07:56:14.000,754.8820
AutoPedigree,18,2018-04-04 08:42:18.000,573.5855
Constellation Financial Services (Pty) Ltd,9,2018-04-04 09:02:31.000,746.9900
Finlife SA,76,2018-04-04 09:08:37.000,88.0100
Finlife SA,76,2018-04-04 09:08:37.000,348.7600
AutoPedigree,7,2018-04-04 10:05:04.000,1328.2900
AutoPedigree,18,2018-04-04 10:18:40.000,565.5154
Savvy Brokers (Pty) Ltd,36,2018-04-04 10:45:52.000,595.2200
Savvy Brokers (Pty) Ltd,36,2018-04-04 10:45:52.000,703.0917
Savvy Brokers (Pty) Ltd,36,2018-04-04 10:45:52.000,703.0917
Savvy Brokers (Pty) Ltd,36,2018-04-04 10:45:52.000,935.3800
AutoPedigree,16,2018-04-04 11:08:30.000,687.1430
Compare and Insure Consulting (PTY) LTD,37,2018-04-04 11:23:48.000,669.5200
Uhuru,6,2018-04-04 11:54:02.000,957.4300
Surestrat (Pty) Ltd,10,2018-04-04 12:23:26.000,1664.9200
Uhuru,18,2018-04-04 12:51:05.000,812.9219
AutoPedigree,7,2018-04-04 12:57:06.000,1327.3000
AutoPedigree,15,2018-04-04 13:07:44.000,865.6351
Finlife SA,76,2018-04-04 13:20:43.000,93.2600
Finlife SA,76,2018-04-04 13:20:43.000,362.3700
AutoPedigree,15,2018-04-04 13:21:47.000,741.7781
AutoPedigree,7,2018-04-04 13:42:05.000,520.5800
Intersure Financial Services (Pty) Ltd,76,2018-04-04 13:42:59.000,30.0000
Intersure Financial Services (Pty) Ltd,76,2018-04-04 13:42:59.000,45.0000
Intersure Financial Services (Pty) Ltd,76,2018-04-04 13:42:59.000,49.0000
Intersure Financial Services (Pty) Ltd,76,2018-04-04 13:42:59.000,107.3400
Intersure Financial Services (Pty) Ltd,76,2018-04-04 13:42:59.000,248.7600
Intersure Financial Services (Pty) Ltd,76,2018-04-04 13:42:59.000,265.7200
Intersure Financial Services (Pty) Ltd,76,2018-04-04 13:42:59.000,460.2100
AutoPedigree,7,2018-04-04 14:23:39.000,675.2400
AutoPedigree,16,2018-04-04 14:45:58.000,561.0364
AutoPedigree,15,2018-04-04 15:17:19.000,911.6956
AutoPedigree,7,2018-04-05 07:04:26.000,780.3700
AutoPedigree,7,2018-04-05 07:28:59.000,365.3300
AutoPedigree,7,2018-04-05 07:28:59.000,715.1400
AutoPedigree,7,2018-04-05 07:42:29.000,891.7100
AutoPedigree,7,2018-04-05 08:00:54.000,1520.5800
SM Financial Services,15,2018-04-05 08:03:21.000,576.5561
AutoPedigree,7,2018-04-05 08:10:16.000,1228.3100
First Step Insurance Brokers (Pty) Ltd,10,2018-04-05 08:18:18.000,2.0000
First Step Insurance Brokers (Pty) Ltd,10,2018-04-05 08:18:18.000,392.7600
First Step Insurance Brokers (Pty) Ltd,10,2018-04-05 08:18:18.000,397.5400
First Step Insurance Brokers (Pty) Ltd,10,2018-04-05 08:18:18.000,1258.8800
First Step Insurance Brokers (Pty) Ltd,10,2018-04-05 08:18:18.000,1602.1200
First Step Insurance Brokers (Pty) Ltd,10,2018-04-05 08:18:18.000,1656.0800
AutoPedigree,16,2018-04-05 08:49:00.000,619.9890
Surestrat (Pty) Ltd,76,2018-04-05 09:47:52.000,55.0000
Surestrat (Pty) Ltd,76,2018-04-05 09:47:52.000,71.0000
Surestrat (Pty) Ltd,76,2018-04-05 09:47:52.000,116.0000
Surestrat (Pty) Ltd,76,2018-04-05 09:47:52.000,227.9200
AutoPedigree,15,2018-04-05 10:03:29.000,1088.0693
Aquarius Insurance Consultants CC,9,2018-04-05 10:21:44.000,1543.6600
AutoPedigree,7,2018-04-05 10:34:11.000,2448.2600
AutoPedigree,6,2018-04-05 10:42:41.000,987.6300
AutoPedigree,7,2018-04-05 11:19:43.000,1087.1800
Constellation Financial Services (Pty) Ltd,17,2018-04-05 11:26:06.000,1298.1996
AutoPedigree,7,2018-04-05 11:31:56.000,677.9900
One Call Insurance Brokers,90,2018-04-05 11:49:30.000,129.0000
One Call Insurance Brokers,93,2018-04-05 11:54:43.000,199.0000
One Call Insurance Brokers,93,2018-04-05 11:54:43.000,199.0000
Compare and Insure Consulting (PTY) LTD,9,2018-04-05 11:59:09.000,491.3800
Compare and Insure Consulting (PTY) LTD,9,2018-04-05 11:59:09.000,492.4300
AutoPedigree,7,2018-04-05 12:26:38.000,1511.6000
Constellation Financial Services (Pty) Ltd,6,2018-04-05 12:28:33.000,1394.3300
AutoPedigree,7,2018-04-05 12:43:33.000,1097.4800
Uhuru,6,2018-04-05 13:11:48.000,913.1400
Uhuru,6,2018-04-05 13:11:48.000,1105.4300
One Call Insurance Brokers,98,2018-04-05 13:15:38.000,89.0000
AutoPedigree,16,2018-04-05 13:25:48.000,488.7175
AutoPedigree,7,2018-04-05 14:08:52.000,743.7600
AutoPedigree,7,2018-04-05 14:09:53.000,1099.3800
AutoPedigree,7,2018-04-05 14:10:58.000,917.3200
AutoPedigree,15,2018-04-05 14:14:18.000,987.9789
One Call Insurance Brokers,94,2018-04-05 14:14:48.000,179.0000
One Call Insurance Brokers,90,2018-04-05 14:16:27.000,79.0000
One Call Insurance Brokers,90,2018-04-05 14:16:27.000,79.0000
One Call Insurance Brokers,90,2018-04-05 14:17:11.000,109.0000
AutoPedigree,7,2018-04-05 14:35:47.000,838.5400
One Call Insurance Brokers,98,2018-04-05 14:54:11.000,89.0000
AutoPedigree,7,2018-04-05 15:22:33.000,1702.6300
Uhuru,6,2018-04-05 16:11:03.000,1442.5500
Surestrat (Pty) Ltd,76,2018-04-06 06:16:41.000,227.9200
AutoPedigree,7,2018-04-06 06:21:58.000,887.5600
One Call Insurance Brokers,93,2018-04-06 06:43:31.000,79.0000
One Call Insurance Brokers,93,2018-04-06 06:43:31.000,79.0000
One Call Insurance Brokers,93,2018-04-06 06:43:31.000,189.0000
One Call Insurance Brokers,93,2018-04-06 06:43:31.000,189.0000
One Call Insurance Brokers,93,2018-04-06 06:43:31.000,199.0000
AutoPedigree,7,2018-04-06 06:57:39.000,924.5400
AutoPedigree,7,2018-04-06 07:07:56.000,766.5000
AutoPedigree,7,2018-04-06 07:27:29.000,841.7700
Uhuru,18,2018-04-06 07:51:31.000,755.3917
Uhuru,37,2018-04-06 08:57:04.000,1753.2900
Uhuru,37,2018-04-06 08:57:04.000,1754.6000
AutoPedigree,7,2018-04-06 08:57:43.000,1070.1300
AutoPedigree,15,2018-04-06 09:03:51.000,468.0882
AutoPedigree,7,2018-04-06 09:09:18.000,737.9500
AutoPedigree,16,2018-04-06 09:11:40.000,1125.8882
Uhuru,6,2018-04-06 09:20:41.000,1151.2700
One Call Insurance Brokers,98,2018-04-06 09:29:01.000,89.0000
Uhuru,9,2018-04-06 09:48:21.000,976.9900
AutoPedigree,7,2018-04-06 09:52:09.000,1122.4200
AutoPedigree,7,2018-04-06 10:21:14.000,771.0700
AutoPedigree,58,2018-04-06 11:11:12.000,1412.4200
Compare and Insure Consulting (PTY) LTD,36,2018-04-06 11:15:40.000,150.5900
Compare and Insure Consulting (PTY) LTD,36,2018-04-06 11:15:40.000,171.4600
Compare and Insure Consulting (PTY) LTD,36,2018-04-06 11:15:40.000,294.7800
Compare and Insure Consulting (PTY) LTD,36,2018-04-06 11:15:40.000,309.6900
AutoPedigree,7,2018-04-06 11:59:08.000,749.7600
AutoPedigree,7,2018-04-06 12:13:07.000,1569.2900
AutoPedigree,7,2018-04-06 12:49:14.000,1387.9600
AutoPedigree,17,2018-04-06 13:11:08.000,603.2838
TLC Financial Services (Pty) Ltd,100,2018-04-06 13:19:22.000,45.0000
TLC Financial Services (Pty) Ltd,100,2018-04-06 13:19:22.000,50.0000
TLC Financial Services (Pty) Ltd,100,2018-04-06 13:19:22.000,50.0000
TLC Financial Services (Pty) Ltd,100,2018-04-06 13:19:22.000,53.0000
TLC Financial Services (Pty) Ltd,100,2018-04-06 13:19:22.000,55.0000
TLC Financial Services (Pty) Ltd,100,2018-04-06 13:19:22.000,60.0000
TLC Financial Services (Pty) Ltd,100,2018-04-06 13:19:22.000,63.5300
TLC Financial Services (Pty) Ltd,100,2018-04-06 13:19:22.000,69.0000
TLC Financial Services (Pty) Ltd,100,2018-04-06 13:19:22.000,89.0000
TLC Financial Services (Pty) Ltd,100,2018-04-06 13:19:22.000,139.0000
TLC Financial Services (Pty) Ltd,100,2018-04-06 13:19:22.000,187.0000
TLC Financial Services (Pty) Ltd,100,2018-04-06 13:19:22.000,199.0000
TLC Financial Services (Pty) Ltd,100,2018-04-06 13:19:22.000,199.0000
TLC Financial Services (Pty) Ltd,100,2018-04-06 13:19:22.000,209.3900
TLC Financial Services (Pty) Ltd,100,2018-04-06 13:19:22.000,213.8100
TLC Financial Services (Pty) Ltd,100,2018-04-06 13:19:22.000,230.2600
TLC Financial Services (Pty) Ltd,100,2018-04-06 13:19:22.000,383.0000
AutoPedigree,7,2018-04-06 13:23:04.000,1606.7800
AutoPedigree,7,2018-04-06 13:38:48.000,1011.4900
AutoPedigree,7,2018-04-06 13:46:51.000,634.7000
AutoPedigree,7,2018-04-06 13:55:43.000,1324.9600
AutoPedigree,7,2018-04-06 13:55:58.000,1222.5100
CompareGuru Financial Services,90,2018-04-06 14:13:47.000,129.0000
AutoPedigree,7,2018-04-06 14:22:11.000,792.8400
AutoPedigree,7,2018-04-06 14:37:41.000,1294.6200
AutoPedigree,15,2018-04-06 14:41:51.000,480.4860
AutoPedigree,7,2018-04-06 15:05:37.000,874.0200
AutoPedigree,7,2018-04-06 15:06:59.000,1440.1100
AutoPedigree,7,2018-04-06 15:08:39.000,619.5553
AutoPedigree,7,2018-04-06 15:08:39.000,987.7700
AutoPedigree,58,2018-04-06 15:15:39.000,1372.7200
AutoPedigree,7,2018-04-06 15:42:53.000,819.6000
AutoPedigree,7,2018-04-06 16:03:10.000,1230.4800
AutoPedigree,7,2018-04-07 07:00:17.000,1164.3900
AutoPedigree,7,2018-04-07 07:33:55.000,877.7100
AutoPedigree,7,2018-04-07 07:53:34.000,693.2000
AutoPedigree,9,2018-04-07 08:12:43.000,1289.2800
AutoPedigree,7,2018-04-07 08:46:44.000,1662.1400
AutoPedigree,7,2018-04-07 10:56:55.000,713.9800
AutoPedigree,7,2018-04-09 06:09:19.000,1043.5800
AutoPedigree,7,2018-04-09 08:42:12.000,801.9917
AutoPedigree,7,2018-04-09 08:42:12.000,940.9100
AutoPedigree,7,2018-04-09 08:47:00.000,786.7400
AutoPedigree,7,2018-04-09 09:02:46.000,1375.0200
AutoPedigree,7,2018-04-09 09:39:44.000,1668.1400
Savvy Brokers (Pty) Ltd,9,2018-04-09 10:39:51.000,5300.0000
AutoPedigree,7,2018-04-09 11:10:58.000,1949.6000
Constellation Financial Services - MotorVaps,76,2018-04-09 11:59:02.000,29.0700
Constellation Financial Services - MotorVaps,76,2018-04-09 11:59:02.000,193.8100
Constellation Financial Services - MotorVaps,76,2018-04-09 11:59:02.000,246.0000
Finlife SA,76,2018-04-09 12:04:49.000,52.9200
Finlife SA,76,2018-04-09 12:04:49.000,52.9200
Finlife SA,76,2018-04-09 12:04:49.000,296.1100
Finlife SA,76,2018-04-09 12:04:49.000,296.1100
AutoPedigree,7,2018-04-09 12:27:45.000,1297.3600
AutoPedigree,7,2018-04-09 12:43:19.000,653.0500
One Call Insurance Brokers,101,2018-04-09 13:02:45.000,139.0000
Surestrat (Pty) Ltd,80,2018-04-09 13:10:34.000,323.0000
Constellation Financial Services (Pty) Ltd,58,2018-04-09 13:27:25.000,2049.1900
AutoPedigree,58,2018-04-09 13:37:58.000,910.5100
One Call Insurance Brokers,94,2018-04-09 14:29:45.000,179.0000
AutoPedigree,7,2018-04-09 14:36:39.000,413.8800
AutoPedigree,17,2018-04-09 14:42:05.000,488.8386
AutoPedigree,15,2018-04-09 14:50:15.000,596.6965
AutoPedigree,7,2018-04-09 15:51:37.000,784.2100
AutoPedigree,16,2018-04-10 05:59:18.000,404.1118
One Call Insurance Brokers,100,2018-04-10 06:39:42.000,189.0000
3 Way Marketing (Pty) Ltd,78,2018-04-10 07:03:57.000,50.0000
3 Way Marketing (Pty) Ltd,78,2018-04-10 07:03:57.000,78.0000
3 Way Marketing (Pty) Ltd,78,2018-04-10 07:03:57.000,88.0000
3 Way Marketing (Pty) Ltd,78,2018-04-10 07:03:57.000,556.0000
3 Way Marketing (Pty) Ltd,90,2018-04-10 07:10:01.000,139.0000
AutoPedigree,7,2018-04-10 07:17:31.000,569.6200
One Call Insurance Brokers,98,2018-04-10 07:28:42.000,89.0000
Uhuru,9,2018-04-10 07:31:51.000,800.0700
AutoPedigree,7,2018-04-10 07:40:39.000,3054.2700
AutoPedigree,7,2018-04-10 07:55:33.000,922.0500
Constellation Financial Services - MotorVaps,76,2018-04-10 08:14:22.000,49.4900
Constellation Financial Services - MotorVaps,76,2018-04-10 08:14:22.000,217.9200
Finlife SA,98,2018-04-10 08:15:03.000,75.9900
Finlife SA,98,2018-04-10 08:15:03.000,99.0000
Finlife SA,98,2018-04-10 08:15:03.000,300.5600
AutoPedigree,16,2018-04-10 08:17:55.000,713.5526
AutoPedigree,7,2018-04-10 08:58:15.000,3364.9100
AutoPedigree,7,2018-04-10 09:01:51.000,953.5100
AutoPedigree,7,2018-04-10 09:23:20.000,1749.8100
AutoPedigree,7,2018-04-10 09:23:20.000,2042.5100
AutoPedigree,7,2018-04-10 09:47:08.000,1403.8300
One Call Insurance Brokers,99,2018-04-10 09:55:19.000,115.0000
AutoPedigree,7,2018-04-10 10:21:31.000,878.5200
AutoPedigree,17,2018-04-10 10:33:25.000,524.8013
AutoPedigree,7,2018-04-10 11:14:39.000,1028.2300
TLC Financial Services (Pty) Ltd,90,2018-04-10 11:23:38.000,159.0000
One Call Insurance Brokers,99,2018-04-10 11:34:03.000,115.0000
AutoPedigree,58,2018-04-10 11:41:09.000,1022.6500
AutoPedigree,7,2018-04-10 11:56:19.000,934.9000
TLC Financial Services (Pty) Ltd,78,2018-04-10 11:57:31.000,2711.0000
AutoPedigree,16,2018-04-10 12:12:39.000,513.0592
AutoPedigree,7,2018-04-10 12:36:54.000,974.5600
Compare and Insure Consulting (PTY) LTD,6,2018-04-10 13:51:13.000,52.5652
Compare and Insure Consulting (PTY) LTD,6,2018-04-10 13:51:13.000,96.9081
Compare and Insure Consulting (PTY) LTD,6,2018-04-10 13:51:13.000,399.1500
Surestrat (Pty) Ltd,10,2018-04-10 13:53:52.000,1459.6700
AutoPedigree,17,2018-04-10 13:58:02.000,625.5373
Surestrat (Pty) Ltd,90,2018-04-10 14:06:14.000,159.0000
AutoPedigree,17,2018-04-10 14:13:49.000,1223.5070
AutoPedigree,16,2018-04-10 14:28:48.000,462.3583
AutoPedigree,7,2018-04-10 14:38:53.000,1154.6900
One Call Insurance Brokers,100,2018-04-10 14:57:06.000,189.0000
AutoPedigree,7,2018-04-10 15:03:51.000,1154.1300
AutoPedigree,7,2018-04-10 15:05:32.000,406.7400
AutoPedigree,7,2018-04-11 05:59:37.000,1985.3500
Uhuru,58,2018-04-11 06:18:49.000,1918.0900
AutoPedigree,7,2018-04-11 06:39:30.000,1821.4400
One Call Insurance Brokers,93,2018-04-11 07:30:54.000,199.0000
Compare and Insure Consulting (PTY) LTD,58,2018-04-11 07:35:16.000,966.2000
One Call Insurance Brokers,90,2018-04-11 07:44:49.000,129.0000
AutoPedigree,7,2018-04-11 07:47:43.000,1259.2100
AutoPedigree,7,2018-04-11 07:52:52.000,968.8500
AutoPedigree,7,2018-04-11 09:22:35.000,2226.6100
AutoPedigree,7,2018-04-11 09:22:49.000,1037.3100
AutoPedigree,17,2018-04-11 09:40:50.000,641.8895
One Call Insurance Brokers,100,2018-04-11 09:52:09.000,189.0000
Compare and Insure Consulting (PTY) LTD,6,2018-04-11 10:18:37.000,397.9600
AutoPedigree,16,2018-04-11 10:54:12.000,666.6447
AutoPedigree,16,2018-04-11 11:48:10.000,666.3925
Uhuru,6,2018-04-11 12:33:51.000,2022.9900
One Call Insurance Brokers,100,2018-04-11 13:25:27.000,189.0000
Constellation Financial Services - MotorVaps,101,2018-04-11 13:53:57.000,139.0000
AutoPedigree,18,2018-04-11 14:01:41.000,527.4342
AutoPedigree,16,2018-04-11 14:13:48.000,470.8825
AutoPedigree,7,2018-04-11 14:14:19.000,915.8800
One Call Insurance Brokers,100,2018-04-11 14:16:21.000,189.0000
AutoPedigree,58,2018-04-11 14:26:02.000,892.0300
AutoPedigree,58,2018-04-11 14:26:02.000,932.7000
AutoPedigree,7,2018-04-11 14:29:13.000,1076.1800
AutoPedigree,7,2018-04-11 14:48:59.000,1106.2300
Uhuru,6,2018-04-11 15:04:50.000,575.9700
Uhuru,6,2018-04-11 15:04:50.000,1070.6200
One Call Insurance Brokers,93,2018-04-11 15:12:07.000,199.0000
Uhuru,37,2018-04-11 15:22:06.000,174.7176
Uhuru,37,2018-04-11 15:22:06.000,215.8224
AutoPedigree,7,2018-04-12 06:50:32.000,838.8775
One Call Insurance Brokers,100,2018-04-12 07:08:14.000,189.0000
AutoPedigree,15,2018-04-12 07:28:03.000,1168.6473
Constellation Financial Services (Pty) Ltd,10,2018-04-12 07:29:52.000,993.0600
Constellation Financial Services (Pty) Ltd,10,2018-04-12 07:29:52.000,1081.5675
AutoPedigree,7,2018-04-12 08:30:01.000,1242.1900
AutoPedigree,15,2018-04-12 08:46:26.000,693.5157
One Call Insurance Brokers,100,2018-04-12 08:47:15.000,189.0000
AutoPedigree,18,2018-04-12 09:07:11.000,0.0000
AutoPedigree,7,2018-04-12 09:13:01.000,863.4300
AutoPedigree,15,2018-04-12 09:26:32.000,1196.7114
AutoPedigree,7,2018-04-12 09:38:44.000,632.5875
One Call Insurance Brokers,90,2018-04-12 09:41:15.000,179.0000
AutoPedigree,7,2018-04-12 09:57:19.000,1276.4475
AutoPedigree,58,2018-04-12 10:13:44.000,2412.5575
AutoPedigree,7,2018-04-12 10:33:49.000,1775.6975
Constellation Financial Services (Pty) Ltd,9,2018-04-12 10:38:49.000,1062.8575
One Call Insurance Brokers,90,2018-04-12 12:20:41.000,129.0000
Constellation Financial Services (Pty) Ltd,58,2018-04-12 12:24:30.000,641.2000
AutoPedigree,58,2018-04-12 12:26:39.000,1358.8075
Compare and Insure Consulting (PTY) LTD,6,2018-04-12 12:44:48.000,596.7700
Compare and Insure Consulting (PTY) LTD,6,2018-04-12 12:44:48.000,792.6975
AutoPedigree,7,2018-04-12 12:51:19.000,726.8875
AutoPedigree,16,2018-04-12 13:09:34.000,809.0201
AutoPedigree,7,2018-04-12 13:13:27.000,677.5375
AutoPedigree,6,2018-04-12 13:37:16.000,889.3175
One Call Insurance Brokers,90,2018-04-12 13:40:47.000,109.0000
One Call Insurance Brokers,101,2018-04-12 13:50:42.000,139.0000
AutoPedigree,58,2018-04-12 14:08:16.000,1496.0375
AutoPedigree,7,2018-04-12 14:11:21.000,1776.1275
AutoPedigree,7,2018-04-12 14:22:31.000,974.9800
AutoPedigree,18,2018-04-12 14:32:57.000,0.0000
Uhuru,6,2018-04-12 14:42:54.000,1230.0775
Uhuru,9,2018-04-12 14:52:01.000,217.7879
One Call Insurance Brokers,100,2018-04-12 14:54:58.000,189.0000
AutoPedigree,7,2018-04-12 14:57:09.000,1081.1975
One Call Insurance Brokers,93,2018-04-12 15:18:16.000,199.0000
AutoPedigree,16,2018-04-13 06:48:22.000,609.2833
AutoPedigree,7,2018-04-13 06:48:33.000,1246.1175
AutoPedigree,7,2018-04-13 06:48:33.000,1352.5675
AutoPedigree,7,2018-04-13 07:26:05.000,785.1975
Compare and Insure Consulting (PTY) LTD,9,2018-04-13 07:57:06.000,93.3863
Compare and Insure Consulting (PTY) LTD,9,2018-04-13 07:57:06.000,536.2575
AutoPedigree,7,2018-04-13 08:08:52.000,840.1375
AutoPedigree,7,2018-04-13 08:24:12.000,1209.0275
AutoPedigree,7,2018-04-13 08:28:18.000,1182.6875
AutoPedigree,16,2018-04-13 09:47:52.000,637.6600
AutoPedigree,7,2018-04-13 10:14:14.000,1557.8075
AutoPedigree,7,2018-04-13 10:14:14.000,1557.8075
One Call Insurance Brokers,100,2018-04-13 10:17:56.000,189.0000
AutoPedigree,18,2018-04-13 10:21:59.000,573.6030
Uhuru,6,2018-04-13 10:59:07.000,888.9275
Surestrat (Pty) Ltd,78,2018-04-13 11:16:53.000,613.0000
AutoPedigree,7,2018-04-13 12:09:38.000,1457.6075
Intersure Financial Services (Pty) Ltd,76,2018-04-13 12:11:33.000,84.7300
Intersure Financial Services (Pty) Ltd,76,2018-04-13 12:11:33.000,85.4700
Intersure Financial Services (Pty) Ltd,76,2018-04-13 12:11:33.000,356.1700
AutoPedigree,7,2018-04-13 12:21:05.000,1263.5475
AutoPedigree,7,2018-04-13 12:33:23.000,3187.7875
AutoPedigree,7,2018-04-13 12:39:59.000,874.8075
One Call Insurance Brokers,100,2018-04-13 12:45:08.000,20.9700
One Call Insurance Brokers,100,2018-04-13 12:45:08.000,85.4700
One Call Insurance Brokers,100,2018-04-13 12:45:08.000,189.0000
One Call Insurance Brokers,100,2018-04-13 12:45:08.000,217.9200
Constellation Financial Services - MotorVaps,90,2018-04-13 12:48:30.000,179.0000
AutoPedigree,58,2018-04-13 13:04:19.000,1243.2875
AutoPedigree,7,2018-04-13 13:27:54.000,1537.2075
One Call Insurance Brokers,101,2018-04-13 13:28:19.000,139.0000
Constellation Financial Services (Pty) Ltd,6,2018-04-13 13:31:52.000,1399.4775
AutoPedigree,18,2018-04-13 13:41:28.000,0.0000
AutoPedigree,7,2018-04-13 13:53:44.000,1506.3975
One Call Insurance Brokers,100,2018-04-13 14:05:48.000,189.0000
AutoPedigree,16,2018-04-13 14:35:13.000,700.8193
AutoPedigree,7,2018-04-13 14:37:17.000,1058.9575
AutoPedigree,15,2018-04-13 14:48:00.000,642.5122
AutoPedigree,9,2018-04-13 14:55:36.000,1067.3075
AutoPedigree,16,2018-04-13 15:03:44.000,1110.2092
Finlife SA,76,2018-04-13 15:08:30.000,107.8100
Finlife SA,76,2018-04-13 15:08:30.000,418.7000
AutoPedigree,7,2018-04-13 15:14:19.000,778.6575
AutoPedigree,15,2018-04-13 15:19:51.000,843.4394
AutoPedigree,18,2018-04-13 15:30:11.000,666.6622
AutoPedigree,7,2018-04-13 15:34:39.000,980.6375
AutoPedigree,7,2018-04-13 15:53:39.000,1100.4875
AutoPedigree,7,2018-04-14 07:26:33.000,973.3275
AutoPedigree,7,2018-04-14 07:59:48.000,1823.3550
AutoPedigree,16,2018-04-14 08:26:39.000,729.3473
AutoPedigree,16,2018-04-14 08:47:23.000,845.8706
AutoPedigree,7,2018-04-14 10:03:51.000,1244.0075
AutoPedigree,7,2018-04-14 11:01:35.000,4091.1550
One Call Insurance Brokers,90,2018-04-16 06:34:59.000,179.0000
AutoPedigree,18,2018-04-16 06:47:16.000,0.0000
AutoPedigree,7,2018-04-16 06:52:07.000,1271.1275
AutoPedigree,7,2018-04-16 07:00:10.000,660.8075
One Call Insurance Brokers,100,2018-04-16 07:00:25.000,179.0000
One Call Insurance Brokers,100,2018-04-16 07:00:25.000,189.0000
One Call Insurance Brokers,100,2018-04-16 07:50:14.000,189.0000
AutoPedigree,7,2018-04-16 07:59:50.000,1062.1175
One Call Insurance Brokers,93,2018-04-16 08:52:55.000,199.0000
AutoPedigree,18,2018-04-16 09:24:16.000,571.5250
Aquarius Insurance Consultants CC,15,2018-04-16 09:39:24.000,3278.3452
Aquarius Insurance Consultants CC,15,2018-04-16 09:39:24.000,3278.3627
Aquarius Insurance Consultants CC,15,2018-04-16 09:39:24.000,3557.3614
Aquarius Insurance Consultants CC,15,2018-04-16 09:39:24.000,3557.3614
AutoPedigree,7,2018-04-16 09:44:56.000,845.0675
AutoPedigree,16,2018-04-16 09:57:14.000,1053.1732
AutoPedigree,7,2018-04-16 10:16:21.000,1275.3275
AutoPedigree,16,2018-04-16 10:20:39.000,767.2267
AutoPedigree,15,2018-04-16 10:32:05.000,410.4342
AutoPedigree,7,2018-04-16 10:34:00.000,950.1875
One Call Insurance Brokers,93,2018-04-16 10:34:35.000,199.0000
AutoPedigree,17,2018-04-16 10:42:31.000,576.3671
AutoPedigree,7,2018-04-16 10:53:08.000,1342.6375
Aquarius Insurance Consultants CC,15,2018-04-16 10:55:14.000,472.5241
Aquarius Insurance Consultants CC,15,2018-04-16 10:55:14.000,472.5241
Aquarius Insurance Consultants CC,15,2018-04-16 10:55:14.000,472.5241
Aquarius Insurance Consultants CC,15,2018-04-16 10:55:14.000,472.5241
Aquarius Insurance Consultants CC,15,2018-04-16 10:55:14.000,472.5241
Aquarius Insurance Consultants CC,15,2018-04-16 10:55:14.000,478.2741
Aquarius Insurance Consultants CC,15,2018-04-16 10:55:14.000,478.2741
Aquarius Insurance Consultants CC,15,2018-04-16 10:55:14.000,521.7017
Aquarius Insurance Consultants CC,15,2018-04-16 10:55:14.000,529.2473
AutoPedigree,16,2018-04-16 10:56:29.000,885.3337
One Call Insurance Brokers,93,2018-04-16 10:58:03.000,199.0000
AutoPedigree,7,2018-04-16 11:10:44.000,1928.4575
AutoPedigree,7,2018-04-16 11:10:44.000,2264.8875
AutoPedigree,7,2018-04-16 11:10:44.000,2303.8775
AutoPedigree,7,2018-04-16 11:10:44.000,1928.4575
AutoPedigree,7,2018-04-16 11:10:44.000,2264.8875
AutoPedigree,7,2018-04-16 11:10:44.000,2303.8775
"Assurity Insurance Brokers (Pty) Ltd ",100,2018-04-16 11:23:10.000,30.0000
"Assurity Insurance Brokers (Pty) Ltd ",100,2018-04-16 11:23:10.000,35.0000
"Assurity Insurance Brokers (Pty) Ltd ",100,2018-04-16 11:23:10.000,52.0000
"Assurity Insurance Brokers (Pty) Ltd ",100,2018-04-16 11:23:10.000,64.0000
"Assurity Insurance Brokers (Pty) Ltd ",100,2018-04-16 11:23:10.000,167.0000
"Assurity Insurance Brokers (Pty) Ltd ",100,2018-04-16 11:23:10.000,189.0000
"Assurity Insurance Brokers (Pty) Ltd ",100,2018-04-16 11:23:10.000,199.0000
"Assurity Insurance Brokers (Pty) Ltd ",100,2018-04-16 11:23:10.000,289.0000
Sync Brokers (Pty) Ltd,77,2018-04-16 11:26:11.000,346.0000
AutoPedigree,16,2018-04-16 11:57:52.000,910.6337
AutoPedigree,17,2018-04-16 12:02:12.000,898.3570
Surestrat (Pty) Ltd,76,2018-04-16 12:06:31.000,269.0000
Surestrat (Pty) Ltd,76,2018-04-16 12:06:31.000,311.5400
Surestrat (Pty) Ltd,76,2018-04-16 12:06:31.000,311.5400
AutoPedigree,16,2018-04-16 12:23:37.000,467.2684
Sync Brokers (Pty) Ltd,81,2018-04-16 12:25:22.000,309.0000
Sync Brokers (Pty) Ltd,79,2018-04-16 12:27:03.000,549.0000
AutoPedigree,7,2018-04-16 12:30:20.000,1026.0375
AutoPedigree,7,2018-04-16 13:00:23.000,794.0575
One Call Insurance Brokers,100,2018-04-16 13:02:18.000,189.0000
AutoPedigree,58,2018-04-16 13:29:05.000,899.9575
AutoPedigree,7,2018-04-16 13:31:30.000,1247.3375
AutoPedigree,6,2018-04-16 13:34:19.000,895.8175
AutoPedigree,6,2018-04-16 13:34:19.000,895.8175
AutoPedigree,7,2018-04-16 13:48:55.000,870.2175
Surestrat (Pty) Ltd,76,2018-04-16 14:15:20.000,136.2600
Surestrat (Pty) Ltd,76,2018-04-16 14:15:20.000,166.0200
Surestrat (Pty) Ltd,76,2018-04-16 14:15:20.000,333.0000
Surestrat (Pty) Ltd,76,2018-04-16 14:15:20.000,687.5100
One Call Insurance Brokers,101,2018-04-16 14:15:58.000,139.0000
AutoPedigree,18,2018-04-16 14:27:12.000,577.1236
Finlife SA,98,2018-04-16 14:54:53.000,30.9700
Finlife SA,98,2018-04-16 14:54:53.000,99.0000
Finlife SA,98,2018-04-16 14:54:53.000,227.9200
AutoPedigree,16,2018-04-16 15:05:22.000,1217.7241
Uhuru,9,2018-04-17 06:42:00.000,922.4375
AutoPedigree,7,2018-04-17 07:01:24.000,776.7675
One Call Insurance Brokers,90,2018-04-17 07:36:24.000,149.0000
SM Financial Services,17,2018-04-17 07:43:37.000,650.4864
SM Financial Services,17,2018-04-17 07:43:37.000,652.2200
AutoPedigree,7,2018-04-17 07:49:35.000,1316.9675
Kheta Insurance Brokers (Pty) Ltd,90,2018-04-17 08:03:04.000,119.0000
Kheta Insurance Brokers (Pty) Ltd,90,2018-04-17 08:03:04.000,189.0000
AutoPedigree,18,2018-04-17 08:29:41.000,0.0000
Insurance Busters (Pty) Ltd,90,2018-04-17 08:35:40.000,209.0000
AutoPedigree,7,2018-04-17 09:34:39.000,1353.4275
AutoPedigree,16,2018-04-17 09:45:23.000,1213.7596
One Call Insurance Brokers,100,2018-04-17 10:23:48.000,189.0000
Stratus Brokers,10,2018-04-17 10:49:14.000,629.3475
Stratus Brokers,10,2018-04-17 10:49:14.000,725.9675
AutoPedigree,6,2018-04-17 11:14:09.000,1396.4075
Uhuru,16,2018-04-17 11:21:11.000,688.4469
WKIA,6,2018-04-17 11:31:28.000,479.6275
AutoPedigree,18,2018-04-17 12:02:43.000,625.5548
One Call Insurance Brokers,101,2018-04-17 12:11:52.000,139.0000
AutoPedigree,16,2018-04-17 12:13:39.000,783.4276
Compare and Insure Consulting (PTY) LTD,6,2018-04-17 12:38:26.000,535.5575
AutoPedigree,17,2018-04-17 12:49:03.000,597.7934
AutoPedigree,15,2018-04-17 13:03:21.000,404.0587
AutoPedigree,16,2018-04-17 13:08:26.000,799.2552
AutoPedigree,18,2018-04-17 13:14:20.000,463.3947
AutoPedigree,16,2018-04-17 13:23:20.000,592.1745
AutoPedigree,7,2018-04-17 13:34:05.000,691.6875
AutoPedigree,7,2018-04-17 13:59:13.000,1949.4375
AutoPedigree,7,2018-04-17 14:02:36.000,766.0263
AutoPedigree,7,2018-04-17 14:02:36.000,929.4575
Surestrat (Pty) Ltd,90,2018-04-17 14:07:01.000,139.0000
Surestrat (Pty) Ltd,90,2018-04-17 14:07:01.000,139.0000
One Call Insurance Brokers,90,2018-04-17 14:10:02.000,179.0000
AutoPedigree,7,2018-04-17 14:18:18.000,1723.5275
AutoPedigree,16,2018-04-17 14:32:33.000,766.0969
AutoPedigree,16,2018-04-17 14:53:56.000,1708.9456
Constellation Financial Services (Pty) Ltd,9,2018-04-17 15:09:11.000,978.0575
AutoPedigree,7,2018-04-17 15:13:18.000,1794.2475
AutoPedigree,15,2018-04-17 15:57:05.000,779.0495
One Call Insurance Brokers,90,2018-04-18 06:28:56.000,179.0000
One Call Insurance Brokers,93,2018-04-18 06:30:42.000,199.0000
WKIA,10,2018-04-18 06:43:53.000,531.6675
One Call Insurance Brokers,90,2018-04-18 06:51:30.000,179.0000
AutoPedigree,7,2018-04-18 07:48:02.000,581.6732
AutoPedigree,7,2018-04-18 07:48:02.000,816.2975
3 Way Marketing (Pty) Ltd,76,2018-04-18 07:50:01.000,100.6100
3 Way Marketing (Pty) Ltd,76,2018-04-18 07:50:01.000,195.8400
3 Way Marketing (Pty) Ltd,76,2018-04-18 07:50:01.000,326.8100
AutoPedigree,15,2018-04-18 08:01:08.000,978.6350
One Call Insurance Brokers,90,2018-04-18 08:03:42.000,179.0000
One Call Insurance Brokers,90,2018-04-18 08:03:42.000,189.0000
One Call Insurance Brokers,93,2018-04-18 08:07:56.000,199.0000
3 Way Marketing (Pty) Ltd,76,2018-04-18 08:37:41.000,115.5500
3 Way Marketing (Pty) Ltd,76,2018-04-18 08:37:41.000,397.9300
3 Way Marketing (Pty) Ltd,76,2018-04-18 08:37:41.000,624.0000
3 Way Marketing (Pty) Ltd,76,2018-04-18 08:37:41.000,734.7400
AutoPedigree,16,2018-04-18 08:38:20.000,1150.9636
Uhuru,6,2018-04-18 08:49:12.000,1520.4075
AutoPedigree,18,2018-04-18 08:52:48.000,625.5548
AutoPedigree,58,2018-04-18 09:06:08.000,662.3475
AutoPedigree,9,2018-04-18 09:27:14.000,995.9575
AutoPedigree,9,2018-04-18 09:27:14.000,995.9575
AutoPedigree,16,2018-04-18 09:28:21.000,463.3947
Compare and Insure Consulting (PTY) LTD,6,2018-04-18 09:50:38.000,35.2182
Compare and Insure Consulting (PTY) LTD,6,2018-04-18 09:50:38.000,36.2818
Compare and Insure Consulting (PTY) LTD,6,2018-04-18 09:50:38.000,52.1691
Compare and Insure Consulting (PTY) LTD,6,2018-04-18 09:50:38.000,61.6489
Compare and Insure Consulting (PTY) LTD,6,2018-04-18 09:50:38.000,98.8291
Compare and Insure Consulting (PTY) LTD,6,2018-04-18 09:50:38.000,107.7482
Compare and Insure Consulting (PTY) LTD,6,2018-04-18 09:50:38.000,119.3018
Compare and Insure Consulting (PTY) LTD,6,2018-04-18 09:50:38.000,126.7982
Compare and Insure Consulting (PTY) LTD,6,2018-04-18 09:50:38.000,143.9526
Compare and Insure Consulting (PTY) LTD,6,2018-04-18 09:50:38.000,156.0189
Compare and Insure Consulting (PTY) LTD,6,2018-04-18 09:50:38.000,172.0726
Compare and Insure Consulting (PTY) LTD,6,2018-04-18 09:50:38.000,208.1726
Compare and Insure Consulting (PTY) LTD,6,2018-04-18 09:50:38.000,212.0252
Compare and Insure Consulting (PTY) LTD,6,2018-04-18 09:50:38.000,220.2653
Compare and Insure Consulting (PTY) LTD,6,2018-04-18 09:50:38.000,244.1564
Compare and Insure Consulting (PTY) LTD,6,2018-04-18 09:50:38.000,249.9836
Compare and Insure Consulting (PTY) LTD,6,2018-04-18 09:50:38.000,279.2526
Compare and Insure Consulting (PTY) LTD,6,2018-04-18 09:50:38.000,347.7975
Compare and Insure Consulting (PTY) LTD,6,2018-04-18 09:50:38.000,373.2275
Compare and Insure Consulting (PTY) LTD,6,2018-04-18 09:50:38.000,375.1575
Compare and Insure Consulting (PTY) LTD,6,2018-04-18 09:50:38.000,389.6378
Compare and Insure Consulting (PTY) LTD,6,2018-04-18 09:50:38.000,420.6753
Compare and Insure Consulting (PTY) LTD,6,2018-04-18 09:50:38.000,490.5306
Compare and Insure Consulting (PTY) LTD,6,2018-04-18 09:50:38.000,565.2475
Compare and Insure Consulting (PTY) LTD,6,2018-04-18 09:50:38.000,628.6252
Compare and Insure Consulting (PTY) LTD,6,2018-04-18 09:50:38.000,680.5775
Compare and Insure Consulting (PTY) LTD,6,2018-04-18 09:50:38.000,785.2275
Compare and Insure Consulting (PTY) LTD,6,2018-04-18 09:50:38.000,812.6150
Compare and Insure Consulting (PTY) LTD,6,2018-04-18 09:50:38.000,1317.4750
Compare and Insure Consulting (PTY) LTD,6,2018-04-18 09:50:38.000,1826.0550
AutoPedigree,18,2018-04-18 09:54:44.000,407.9021
3 Way Marketing (Pty) Ltd,76,2018-04-18 10:03:24.000,79.0000
3 Way Marketing (Pty) Ltd,76,2018-04-18 10:03:24.000,117.3800
3 Way Marketing (Pty) Ltd,76,2018-04-18 10:03:24.000,379.5300
AutoPedigree,9,2018-04-18 10:15:39.000,1146.8475
AutoPedigree,7,2018-04-18 10:25:11.000,1116.2475
AutoPedigree,7,2018-04-18 10:27:02.000,824.5575
AutoPedigree,7,2018-04-18 10:57:17.000,570.6575
One Call Insurance Brokers,100,2018-04-18 11:13:34.000,189.0000
AutoPedigree,7,2018-04-18 11:20:28.000,2553.8675
AutoPedigree,7,2018-04-18 11:23:16.000,2048.6475
AutoPedigree,7,2018-04-18 11:25:48.000,708.4275
AutoPedigree,7,2018-04-18 11:35:37.000,955.9075
AutoPedigree,7,2018-04-18 11:36:45.000,1191.3375
AutoPedigree,7,2018-04-18 11:55:04.000,2289.4175
3 Way Marketing (Pty) Ltd,76,2018-04-18 11:58:36.000,247.9200
AutoPedigree,7,2018-04-18 11:59:02.000,766.4275
AutoPedigree,7,2018-04-18 12:36:08.000,1163.9975
SM Financial Services,58,2018-04-18 12:43:35.000,332.7375
3 Way Marketing (Pty) Ltd,76,2018-04-18 13:03:34.000,70.0800
3 Way Marketing (Pty) Ltd,76,2018-04-18 13:03:34.000,297.2300
AutoPedigree,7,2018-04-18 13:11:03.000,1359.6775
Finlife SA,76,2018-04-18 13:13:56.000,58.9400
Finlife SA,76,2018-04-18 13:13:56.000,227.9200
Aquarius Insurance Consultants CC,58,2018-04-18 13:14:52.000,502.4575
3 Way Marketing (Pty) Ltd,76,2018-04-18 13:21:00.000,193.8200
3 Way Marketing (Pty) Ltd,76,2018-04-18 13:21:00.000,741.3900
AutoPedigree,7,2018-04-18 13:35:41.000,1066.9275
AutoPedigree,7,2018-04-18 13:36:03.000,1089.1375
One Call Insurance Brokers,93,2018-04-18 13:38:43.000,199.0000
One Call Insurance Brokers,90,2018-04-18 14:02:10.000,179.0000
3 Way Marketing (Pty) Ltd,81,2018-04-18 14:04:10.000,361.0000
3 Way Marketing (Pty) Ltd,82,2018-04-18 14:07:28.000,307.0000
Compare and Insure Consulting (PTY) LTD,58,2018-04-18 14:24:59.000,472.2375
Compare and Insure Consulting (PTY) LTD,58,2018-04-18 14:24:59.000,808.5675
One Call Insurance Brokers,90,2018-04-18 14:26:22.000,179.0000
One Call Insurance Brokers,90,2018-04-18 14:26:22.000,189.0000
Uhuru,37,2018-04-18 14:32:23.000,128.7163
AutoPedigree,6,2018-04-18 14:54:14.000,1326.7675
AutoPedigree,16,2018-04-18 15:06:50.000,667.7820
AutoPedigree,7,2018-04-18 15:27:38.000,715.5075
Uhuru,6,2018-04-18 15:44:56.000,174.4816
AutoPedigree,7,2018-04-18 15:51:42.000,1797.5775
AutoPedigree,16,2018-04-19 07:11:14.000,767.2872
AutoPedigree,16,2018-04-19 07:11:14.000,767.2872
Compare and Insure Consulting (PTY) LTD,58,2018-04-19 07:16:20.000,225.3775
AutoPedigree,17,2018-04-19 07:17:33.000,828.2271
3 Way Marketing (Pty) Ltd,76,2018-04-19 07:21:58.000,326.8100
One Call Insurance Brokers,90,2018-04-19 07:33:57.000,179.0000
3 Way Marketing (Pty) Ltd,76,2018-04-19 07:37:04.000,354.0600
AutoPedigree,58,2018-04-19 07:46:53.000,1336.5075
AutoPedigree,16,2018-04-19 07:48:29.000,628.9745
One Call Insurance Brokers,100,2018-04-19 08:07:47.000,85.4700
One Call Insurance Brokers,100,2018-04-19 08:07:47.000,189.0000
One Call Insurance Brokers,100,2018-04-19 08:07:47.000,189.9300
AutoPedigree,7,2018-04-19 08:14:50.000,578.9575
AutoPedigree,17,2018-04-19 08:39:47.000,701.9995
One Call Insurance Brokers,93,2018-04-19 08:51:34.000,199.0000
Surestrat (Pty) Ltd,37,2018-04-19 08:56:47.000,861.1375
AutoPedigree,7,2018-04-19 09:02:48.000,1058.5775
AutoPedigree,17,2018-04-19 09:12:40.000,679.7561
AutoPedigree,7,2018-04-19 09:15:44.000,981.6975
AutoPedigree,17,2018-04-19 09:16:54.000,717.0907
AutoPedigree,9,2018-04-19 09:22:22.000,553.1575
3 Way Marketing (Pty) Ltd,76,2018-04-19 09:29:45.000,74.8000
3 Way Marketing (Pty) Ltd,76,2018-04-19 09:29:45.000,696.0000
3 Way Marketing (Pty) Ltd,76,2018-04-19 09:29:45.000,1133.7900
Compare and Insure Consulting (PTY) LTD,9,2018-04-19 09:48:19.000,661.1875
Compare and Insure Consulting (PTY) LTD,9,2018-04-19 09:48:19.000,860.8775
Compare and Insure Consulting (PTY) LTD,9,2018-04-19 09:48:19.000,1195.4675
One Call Insurance Brokers,100,2018-04-19 09:57:14.000,189.0000
One Call Insurance Brokers,93,2018-04-19 10:06:34.000,199.0000
WKIA,9,2018-04-19 10:09:01.000,0.0000
AutoPedigree,7,2018-04-19 10:14:36.000,903.8475
AutoPedigree,7,2018-04-19 10:22:16.000,941.9475
AutoPedigree,7,2018-04-19 11:02:42.000,872.4375
AutoPedigree,16,2018-04-19 11:04:12.000,551.9144
One Call Insurance Brokers,93,2018-04-19 11:05:04.000,199.0000
One Call Insurance Brokers,98,2018-04-19 11:34:20.000,89.0000
AutoPedigree,16,2018-04-19 11:49:41.000,596.5526
AutoPedigree,6,2018-04-19 11:50:48.000,1361.7975
One Call Insurance Brokers,90,2018-04-19 11:51:25.000,179.0000
Finlife SA,82,2018-04-19 11:55:54.000,71.0000
Finlife SA,82,2018-04-19 11:55:54.000,233.0000
AutoPedigree,7,2018-04-19 12:33:17.000,878.4675
Aquarius Insurance Consultants CC,9,2018-04-19 12:36:25.000,818.5775
AutoPedigree,16,2018-04-19 13:04:58.000,617.7065
Constellation Financial Services (Pty) Ltd,58,2018-04-19 13:28:56.000,1402.3675
AutoPedigree,7,2018-04-19 13:31:51.000,891.5675
One Call Insurance Brokers,90,2018-04-19 13:58:50.000,179.0000
3 Way Marketing (Pty) Ltd,76,2018-04-19 14:01:19.000,79.4900
3 Way Marketing (Pty) Ltd,76,2018-04-19 14:01:19.000,247.0000
3 Way Marketing (Pty) Ltd,76,2018-04-19 14:01:19.000,247.9200
AutoPedigree,6,2018-04-19 14:07:32.000,988.5075
AutoPedigree,58,2018-04-19 14:25:12.000,954.6475
AutoPedigree,15,2018-04-19 14:40:51.000,552.3179
AutoPedigree,7,2018-04-19 14:53:14.000,983.4875
AutoPedigree,18,2018-04-19 14:58:25.000,634.1293
AutoPedigree,18,2018-04-19 15:00:36.000,448.2631
AutoPedigree,7,2018-04-19 15:21:32.000,1029.3375
AutoPedigree,7,2018-04-20 05:50:49.000,456.3333
AutoPedigree,7,2018-04-20 05:50:49.000,717.3875
AutoPedigree,6,2018-04-20 06:38:55.000,967.0575
AutoPedigree,6,2018-04-20 06:42:20.000,1786.1475
AutoPedigree,15,2018-04-20 06:51:30.000,742.5219
One Call Insurance Brokers,100,2018-04-20 06:55:42.000,189.0000
3 Way Marketing (Pty) Ltd,81,2018-04-20 07:24:37.000,338.0000
Compare and Insure Consulting (PTY) LTD,58,2018-04-20 07:26:34.000,378.2975
One Call Insurance Brokers,100,2018-04-20 07:34:49.000,189.0000
AutoPedigree,7,2018-04-20 07:57:13.000,2229.2375
One Call Insurance Brokers,76,2018-04-20 07:57:48.000,98.9900
One Call Insurance Brokers,76,2018-04-20 07:57:48.000,435.8300
Finlife SA,98,2018-04-20 08:00:42.000,48.2000
Finlife SA,98,2018-04-20 08:00:42.000,99.0000
Finlife SA,98,2018-04-20 08:00:42.000,273.8900
3 Way Marketing (Pty) Ltd,76,2018-04-20 08:03:16.000,320.5600
AutoPedigree,7,2018-04-20 08:09:55.000,1364.8975
Constellation Financial Services - MotorVaps,90,2018-04-20 08:15:00.000,109.0000
AutoPedigree,7,2018-04-20 08:20:43.000,2449.0675
3 Way Marketing (Pty) Ltd,81,2018-04-20 08:22:12.000,326.0000
Constellation Financial Services - MotorVaps,90,2018-04-20 08:29:40.000,179.0000
AutoPedigree,7,2018-04-20 08:42:06.000,767.0075
3 Way Marketing (Pty) Ltd,76,2018-04-20 08:58:32.000,150.3100
3 Way Marketing (Pty) Ltd,76,2018-04-20 08:58:32.000,195.8400
3 Way Marketing (Pty) Ltd,76,2018-04-20 08:58:32.000,511.2200
AutoPedigree,7,2018-04-20 09:08:45.000,841.0775
AutoPedigree,58,2018-04-20 09:31:30.000,958.9075
3 Way Marketing (Pty) Ltd,76,2018-04-20 09:39:59.000,134.0100
3 Way Marketing (Pty) Ltd,76,2018-04-20 09:39:59.000,481.6700
One Call Insurance Brokers,90,2018-04-20 09:43:39.000,179.0000
3 Way Marketing (Pty) Ltd,76,2018-04-20 10:00:03.000,60.0000
3 Way Marketing (Pty) Ltd,76,2018-04-20 10:00:03.000,305.9000
AutoPedigree,7,2018-04-20 10:11:47.000,966.5675
Constellation Financial Services (Pty) Ltd,9,2018-04-20 10:23:04.000,1058.4675
Finlife SA,98,2018-04-20 10:31:00.000,30.9700
Finlife SA,98,2018-04-20 10:31:00.000,99.0000
Finlife SA,98,2018-04-20 10:31:00.000,227.9200
3 Way Marketing (Pty) Ltd,82,2018-04-20 10:31:52.000,287.0000
3 Way Marketing (Pty) Ltd,82,2018-04-20 10:31:52.000,465.8300
Aquarius Insurance Consultants CC,58,2018-04-20 10:31:53.000,842.1275
Finlife SA,76,2018-04-20 10:42:15.000,73.2800
Finlife SA,76,2018-04-20 10:42:15.000,278.3800
AutoPedigree,7,2018-04-20 10:45:38.000,863.9975
AutoPedigree,7,2018-04-20 10:59:08.000,857.4675
3 Way Marketing (Pty) Ltd,76,2018-04-20 11:50:25.000,50.9700
3 Way Marketing (Pty) Ltd,76,2018-04-20 11:50:25.000,247.9200
3 Way Marketing (Pty) Ltd,76,2018-04-20 12:17:15.000,301.2700
AutoPedigree,7,2018-04-20 12:31:47.000,1215.6575
AutoPedigree,17,2018-04-20 12:34:30.000,615.8100
One Call Insurance Brokers,100,2018-04-20 12:37:48.000,189.0000
AutoPedigree,7,2018-04-20 12:43:19.000,951.7475
3 Way Marketing (Pty) Ltd,76,2018-04-20 13:02:06.000,110.2300
3 Way Marketing (Pty) Ltd,76,2018-04-20 13:02:06.000,115.4700
3 Way Marketing (Pty) Ltd,76,2018-04-20 13:02:06.000,368.4200
AutoPedigree,7,2018-04-20 13:14:57.000,786.1975
AutoPedigree,7,2018-04-20 13:58:19.000,1192.7775
One Call Insurance Brokers,90,2018-04-20 14:00:51.000,89.0000
One Call Insurance Brokers,90,2018-04-20 14:00:51.000,129.0000
AutoPedigree,16,2018-04-20 14:04:19.000,649.7552
Finlife SA,76,2018-04-20 14:05:14.000,58.9400
Finlife SA,76,2018-04-20 14:05:14.000,227.9200
AutoPedigree,9,2018-04-20 14:06:04.000,586.3275
AutoPedigree,7,2018-04-20 14:13:47.000,973.4075
AutoPedigree,7,2018-04-20 14:18:48.000,876.7675
Constellation Financial Services - MotorVaps,90,2018-04-20 14:34:02.000,149.0000
AutoPedigree,7,2018-04-20 14:39:43.000,1073.1675
Constellation Financial Services (Pty) Ltd,6,2018-04-20 14:40:56.000,2815.5875
AutoPedigree,7,2018-04-20 14:45:47.000,1044.2275
One Call Insurance Brokers,93,2018-04-20 14:52:12.000,199.0000
AutoPedigree,7,2018-04-20 14:52:56.000,491.3075
AutoPedigree,7,2018-04-20 14:53:11.000,1347.9675
AutoPedigree,7,2018-04-20 15:01:31.000,1254.8375
AutoPedigree,16,2018-04-20 15:05:07.000,962.9789
AutoPedigree,9,2018-04-20 15:09:02.000,558.2575
AutoPedigree,7,2018-04-20 15:48:30.000,723.7675
AutoPedigree,15,2018-04-21 07:25:13.000,871.8061
3 Way Marketing (Pty) Ltd,80,2018-04-21 07:32:04.000,375.0000
AutoPedigree,7,2018-04-21 07:38:13.000,1170.4475
AutoPedigree,7,2018-04-21 07:48:36.000,1063.5375
AutoPedigree,7,2018-04-21 07:55:36.000,865.7875
AutoPedigree,7,2018-04-21 08:18:12.000,1712.0375
AutoPedigree,7,2018-04-21 08:46:11.000,572.2775
AutoPedigree,7,2018-04-21 08:46:32.000,571.9175
3 Way Marketing (Pty) Ltd,83,2018-04-21 08:55:01.000,0.0000
AutoPedigree,18,2018-04-21 09:57:07.000,551.9144
AutoPedigree,18,2018-04-21 10:04:40.000,543.3399
3 Way Marketing (Pty) Ltd,76,2018-04-23 06:59:14.000,111.0100
3 Way Marketing (Pty) Ltd,76,2018-04-23 06:59:14.000,354.0600
3 Way Marketing (Pty) Ltd,76,2018-04-23 07:09:45.000,50.9700
3 Way Marketing (Pty) Ltd,76,2018-04-23 07:09:45.000,247.9200
3 Way Marketing (Pty) Ltd,76,2018-04-23 07:09:45.000,263.0000
One Call Insurance Brokers,100,2018-04-23 07:23:05.000,189.0000
SBS,58,2018-04-23 07:28:00.000,722.0700
AutoPedigree,7,2018-04-23 07:35:25.000,1417.5075
3 Way Marketing (Pty) Ltd,76,2018-04-23 07:42:52.000,59.0700
3 Way Marketing (Pty) Ltd,76,2018-04-23 07:42:52.000,223.8100
One Call Insurance Brokers,100,2018-04-23 07:43:17.000,189.0000
3 Way Marketing (Pty) Ltd,83,2018-04-23 07:53:26.000,0.0000
3 Way Marketing (Pty) Ltd,76,2018-04-23 07:59:39.000,156.2600
3 Way Marketing (Pty) Ltd,76,2018-04-23 07:59:39.000,460.8400
AutoPedigree,7,2018-04-23 08:26:04.000,953.7775
One Call Insurance Brokers,90,2018-04-23 08:45:19.000,129.0000
One Call Insurance Brokers,90,2018-04-23 08:45:19.000,129.0000
AutoPedigree,16,2018-04-23 08:46:35.000,969.0416
AutoPedigree,7,2018-04-23 09:12:01.000,769.4875
3 Way Marketing (Pty) Ltd,76,2018-04-23 09:22:51.000,107.0000
3 Way Marketing (Pty) Ltd,76,2018-04-23 09:22:51.000,156.2600
3 Way Marketing (Pty) Ltd,76,2018-04-23 09:22:51.000,355.4600
Finlife SA,76,2018-04-23 09:42:27.000,359.5300
One Call Insurance Brokers,100,2018-04-23 10:05:32.000,189.0000
AutoPedigree,7,2018-04-23 10:14:57.000,1311.5075
3 Way Marketing (Pty) Ltd,82,2018-04-23 10:25:04.000,306.0000
Finlife SA,76,2018-04-23 10:27:53.000,591.1100
3 Way Marketing (Pty) Ltd,76,2018-04-23 10:34:56.000,73.5300
3 Way Marketing (Pty) Ltd,76,2018-04-23 10:34:56.000,223.8100
AutoPedigree,9,2018-04-23 10:51:42.000,946.6475
AutoPedigree,7,2018-04-23 10:52:59.000,1080.0575
AutoPedigree,7,2018-04-23 11:05:36.000,1273.2150
One Call Insurance Brokers,90,2018-04-23 11:21:31.000,89.0000
One Call Insurance Brokers,90,2018-04-23 11:21:31.000,129.0000
AutoPedigree,7,2018-04-23 11:59:46.000,868.6375
3 Way Marketing (Pty) Ltd,80,2018-04-23 12:33:09.000,359.0000
3 Way Marketing (Pty) Ltd,76,2018-04-23 12:36:46.000,78.9400
3 Way Marketing (Pty) Ltd,76,2018-04-23 12:36:46.000,247.9200
AutoPedigree,7,2018-04-23 12:38:18.000,1048.1775
AutoPedigree,7,2018-04-23 12:38:18.000,1223.4075
3 Way Marketing (Pty) Ltd,77,2018-04-23 12:49:06.000,399.0000
AutoPedigree,15,2018-04-23 12:58:33.000,912.3285
3 Way Marketing (Pty) Ltd,80,2018-04-23 13:03:01.000,55.0000
3 Way Marketing (Pty) Ltd,80,2018-04-23 13:03:01.000,60.0000
3 Way Marketing (Pty) Ltd,80,2018-04-23 13:03:01.000,366.0000
3 Way Marketing (Pty) Ltd,80,2018-04-23 13:03:01.000,366.0000
AutoPedigree,9,2018-04-23 13:05:55.000,574.9075
3 Way Marketing (Pty) Ltd,76,2018-04-23 13:07:15.000,160.6000
3 Way Marketing (Pty) Ltd,76,2018-04-23 13:07:15.000,271.5500
3 Way Marketing (Pty) Ltd,76,2018-04-23 13:07:15.000,532.3000
Finlife SA,76,2018-04-23 13:07:49.000,88.0100
Finlife SA,76,2018-04-23 13:07:49.000,348.7600
Constellation Financial Services - MotorVaps,90,2018-04-23 13:16:02.000,199.0000
AutoPedigree,9,2018-04-23 13:16:08.000,494.7075
AutoPedigree,7,2018-04-23 13:31:11.000,1123.0075
AutoPedigree,7,2018-04-23 13:32:30.000,1844.6900
AutoPedigree,7,2018-04-23 13:32:30.000,1953.1775
AutoPedigree,7,2018-04-23 13:34:00.000,1074.9324
AutoPedigree,7,2018-04-23 13:34:00.000,1122.9375
Uhuru,37,2018-04-23 13:37:21.000,756.4375
Uhuru,15,2018-04-23 13:47:06.000,2224.8771
Uhuru,15,2018-04-23 13:47:06.000,2224.8771
AutoPedigree,7,2018-04-23 14:00:18.000,1927.0375
AutoPedigree,7,2018-04-23 14:09:03.000,1918.6375
AutoPedigree,7,2018-04-23 14:11:56.000,737.6675
AutoPedigree,7,2018-04-23 14:26:05.000,1636.7275
AutoPedigree,7,2018-04-23 14:30:28.000,2454.3475
One Call Insurance Brokers,82,2018-04-23 14:49:11.000,77.0000
One Call Insurance Brokers,82,2018-04-23 14:49:11.000,189.0000
One Call Insurance Brokers,82,2018-04-23 14:49:11.000,279.0000
AutoPedigree,7,2018-04-23 14:56:43.000,727.5975
AutoPedigree,7,2018-04-23 15:09:59.000,611.5475
AutoPedigree,18,2018-04-23 15:43:53.000,0.0000
Finlife SA,98,2018-04-23 15:50:17.000,99.0000
Finlife SA,76,2018-04-23 16:31:48.000,53.5300
Finlife SA,76,2018-04-23 16:31:48.000,53.5300
Finlife SA,76,2018-04-23 16:31:48.000,203.8100
Finlife SA,76,2018-04-23 16:31:48.000,203.8100
Finlife SA,76,2018-04-23 16:59:39.000,30.9700
Finlife SA,76,2018-04-23 16:59:39.000,227.9200
